{
    "zprime30": {
        "expected": [
            1.0, 
            1.0,
            1.0,
            1.0,
            1.0,
            1.0,
            1.0, 
            1.0, 
            1.0, 
            1.0
        ], 
        "mass": [
            1.0, 
            2.0,
            2.5, 
            3.0, 
            3.5, 
            4.0, 
            4.5,
            5.0,
            6.0,
            7.0
        ], 
        "theory": [
            129.361,
            7.74166,
            2.7943,
            1.17252,
            0.553916,
            0.288839,
            0.163747,
            0.0995997,
            0.043425,
            0.0221476
        ]
    }, 
    "ZPrime": {
        "expected": [
	    1,
	    1,
	    1,
	    1,
	    1,
	    1,
	    1
        ], 
        "mass": [
	    1.6, 
            2, 
	    2.5,
            3, 
	    3.5, 
            4,
	    4.5
        ], 
        "theory": [
	    0.649,
            0.20551,
	    0.061, 
            0.0205665,
	    0.00661, 
            0.0027587,
	    0.0009926
        ]
    }, 
    "zprime10": {
        "expected": [
            1.0,
            1.0,
            1.0, 
            1.0
        ], 
        "mass": [
            1, 
            2, 
            3, 
            4
        ], 
        "theory": [
            44.8526, 
            2.26215, 
            0.272788, 
            0.0515542
        ]
    }, 
    "RSGluon": {
        "expected": [
            1.0,
            1.0,
            1.0,
            1.0,
            1.0, 
            1.0, 
            1.0, 
            1.0,
            1.0,
            1.0,
            1.0
        ], 
        "mass": [
            1, 
            1.5, 
            2, 
            2.5, 
            3, 
            3.5, 
            4, 
            4.5, 
            5,
            5.5,
            6
        ], 
        "theory": [
            26.065, 
            4.5747, 
            1.23864, 
            0.40768, 
            0.16757, 
            0.07085, 
            0.036491, 
            0.020839, 
            0.0118235,
            0.0072163,
            0.0049608
        ]
    }, 
    "zprimeDM_hold": {
        "expected": [
            1.0,
            1.0,
            1.0,
            1.0,
            1.0, 
            1.0, 
            1.0, 
            1.0,
            1.0
        ], 
        "mass": [
            1.0, 
            1.5, 
            2.0, 
            2.5, 
            3.0, 
            3.5, 
            4.0, 
            4.5, 
            5.0
        ], 
        "theory": [
            2.222, 
            0.387, 
            0.09428, 
            0.0279, 
            0.009327, 
            0.003507, 
            0.001484, 
            0.0007087, 
            0.0003801
        ]
    },
        "zprimeDM": {
        "expected": [
            1.0,
            1.0,
            1.0,
            1.0,
            1.0, 
            1.0, 
            1.0
        ], 
        "mass": [
            1.0, 
            1.5, 
            2.0, 
            2.5, 
            3.0, 
            3.5, 
            4.0
        ], 
        "theory": [
            2.222, 
            0.387, 
            0.09428, 
            0.0279, 
            0.009327, 
            0.003507, 
            0.001484        ]
    },
    "zprime1": {
        "expected": [
            1.0, 
            1.0, 
            1.0, 
            1.0, 
            1.0
        ], 
        "mass": [
            1.0, 
            2.0,
            3.0, 
            4.0, 
            4.5
        ], 
        "theory": [
            4.50540,
            0.20551, 
            0.0205665, 
            0.0027587, 
            0.00109115
        ]
    },
    "zprime1_hold": {
        "expected": [
            1.0, 
            1.0, 
            1.0,
            1.0,
            1.0,
            1.0,
            1.0, 
            1.0, 
            1.0, 
            1.0, 
            1.0
        ], 
        "mass": [
            1.0, 
            1.2,
            1.4,
            1.6,
            1.8,
            2.0,
            2.5, 
            3.0, 
            3.5, 
            4.0, 
            4.5
        ], 
        "theory": [
            -1.0,
            -1.0,
            -1.0,
            -1.0,
            -1.0,
            -1.0,
            -1.0, 
            -1.0, 
            -1.0, 
            -1.0, 
            -1.0
        ]
    }
  
}
